Name,Percentage,Title,Wins,Loss
Rafael Nadal,0.831,84,967,196
Novak Djokovic,0.827,76,882,184
Bjorn Borg,0.827,64,644,135
Roger Federer,0.822,102,1229,267
Jimmy Connors,0.819,109,1274,282
John McEnroe,0.816,77,881,198
Ivan Lendl,0.815,94,1068,242
Rod Laver,0.798,46,475,120
Pete Sampras,0.774,64,762,222
Andy Murray,0.774,45,666,195
Boris Becker,0.769,49,713,214
Guillermo Vilas,0.765,62,949,291
Andre Agassi,0.76,60,870,274
Arthur Ashe,0.75,32,696,232
Stefan Edberg,0.748,41,801,270
Kent Carlsson,0.748,9,160,54
Ken Rosewall,0.745,31,486,166
Andy Roddick,0.742,32,612,213
John Newcombe,0.738,32,493,175
Ilie Nastase,0.73,59,854,316
Mats Wilander,0.72,33,571,222
Manuel Orantes,0.718,33,689,271
Juan Martin del Potro,0.717,22,439,173
Jose-Luis Clerc,0.713,25,378,152
Stan Smith,0.71,39,680,278
Tom Okker,0.706,26,578,241
Lleyton Hewitt,0.702,30,616,262
Vitas Gerulaitis,0.699,26,534,230
Eddie Dibbs,0.697,22,590,256
Thomas Muster,0.696,44,625,273
Yannick Noah,0.696,23,478,209
Michael Stich,0.686,18,385,176
Tony Roche,0.682,11,287,134
Miloslav Mecir Sr.,0.682,11,262,122
Milos Raonic,0.682,8,341,159
Jim Courier,0.681,23,506,237
Michael Chang,0.68,34,662,312
Brian Gottfried,0.68,25,696,328
Kei Nishikori,0.68,12,403,190
Jo-Wilfried Tsonga,0.679,18,459,217
Andres Gimeno,0.675,7,199,96
Marcelo Rios,0.671,18,391,192
Raul Ramirez,0.67,19,544,268
Gene Mayer,0.669,14,323,160
Cliff Richey,0.669,13,398,197
Roscoe Tanner,0.668,15,590,293
Yevgeny Kafelnikov,0.666,26,609,306
David Nalbandian,0.666,11,383,192
Alexander Zverev,0.665,11,216,109
David Ferrer,0.661,27,734,377
Andres Gomez,0.66,21,531,273
Jose Higueras,0.658,16,455,237
Guillermo Coria,0.657,9,218,114
Alex Metreveli,0.653,4,188,100
Richard Krajicek,0.652,17,411,219
Tomas Berdych,0.652,13,640,342
Patrick Rafter,0.652,11,358,191
Marin Cilic,0.651,18,499,267
Joakim Nystrom,0.651,13,265,142
Sandy Mayer,0.65,12,364,196
Eliot Teltscher,0.649,10,399,216
Clark Graebner,0.648,5,217,118
Gustavo Kuerten,0.647,20,358,195
Dominic Thiem,0.647,15,264,144
Fernando Gonzalez,0.647,11,370,202
Juan Carlos Ferrero,0.646,16,479,262
Robin Soderling,0.646,10,310,170
Tim Henman,0.644,11,496,274
Goran Ivanisevic,0.643,22,599,333
Carlos Moya,0.643,20,575,319
Brad Gilbert,0.643,20,519,288
Roy Emerson,0.642,2,219,122
Gael Monfils,0.639,8,471,266
Guillermo Perez-Roldan,0.638,9,241,137
Jay Berger,0.638,3,141,80
Harold Solomon,0.637,22,578,329
Todd Martin,0.637,8,411,234
Jan Kodes,0.635,9,431,248
Stan Wawrinka,0.632,16,509,296
Wojtek Fibak,0.631,15,539,315
Richard Gasquet,0.629,15,537,317
Johan Kriek,0.629,14,376,222
Tommy Haas,0.627,15,569,338
Balazs Taroczy,0.627,13,388,231
Tim Mayotte,0.627,12,340,202
Martin Jaite,0.627,12,301,179
Roberto Bautista Agut,0.627,9,282,168
Cliff Drysdale,0.625,4,340,204
Nick Kyrgios,0.624,6,153,92
Sergi Bruguera,0.623,14,447,271
Petr Korda,0.623,10,410,248
John Isner,0.618,15,422,261
Buster C. Mottram,0.618,2,289,179
Pat Cash,0.617,6,238,148
Adriano Panatta,0.616,10,380,237
Magnus Gustafsson,0.615,14,415,260
Marty Riessen,0.614,9,414,260
Marat Safin,0.612,15,422,267
David Goffin,0.612,4,262,166
Alex Corretja,0.609,17,438,281
Tomas Smid,0.609,9,522,335
Wayne Ferreira,0.608,15,512,330
Aaron Krickstein,0.607,9,395,256
Mario Ancic,0.606,3,208,135
Mark Philippoussis,0.605,11,313,204
Greg Rusedski,0.603,15,436,287
Anders Jarryd,0.603,8,396,261
Peter McNamara,0.603,5,205,135
Grigor Dimitrov,0.602,8,299,198
Thomas Enqvist,0.601,19,448,297
Andrei Medvedev,0.601,11,321,213
Tommy Robredo,0.599,12,533,357
Robert Lutz,0.599,10,402,269
Emilio Sanchez,0.597,15,431,291
Dick Stockton,0.596,8,375,254
Kevin Anderson,0.595,6,330,225
Nikolay Davydenko,0.594,21,482,329
Victor Pecci,0.594,10,366,250
Francois Jauffret,0.594,2,180,123
Ivan Ljubicic,0.592,10,429,296
Kevin Curren,0.592,5,339,234
Bob Hewitt,0.591,7,225,156
Felix Mantilla,0.589,10,313,218
Nicolas Almagro,0.588,13,397,278
James Blake,0.588,10,366,256
Brian Teacher,0.586,8,330,233
Roger Taylor,0.586,7,318,225
Henrik Sundstrom,0.586,5,154,109
Albert Costa,0.585,12,385,273
Henri Leconte,0.584,9,377,269
Magnus Larsson,0.584,7,310,221
Alberto Berasategui,0.583,14,278,199
Jaime Fillol Sr.,0.583,6,491,351
Tom Gorman,0.582,7,360,259
Hans Gildemeister,0.582,4,212,152
Magnus Norman,0.58,12,244,177
Mardy Fish,0.58,6,302,219
Corrado Barazzutti,0.58,5,314,227
Sebastien Grosjean,0.58,4,341,247
MaliVai Washington,0.58,4,254,184
Gaston Gaudio,0.579,8,270,196
Mark Cox,0.578,11,335,245
Gilles Simon,0.575,14,478,353
Paolo Bertolucci,0.573,6,197,147
Nicolas Kiefer,0.572,6,366,274
Nicolas Escude,0.571,4,172,129
John Alexander,0.57,7,536,404
Andrei Chesnokov,0.57,7,344,259
Amos Mansdorf,0.57,6,306,231
Karl Meiler,0.57,4,241,182
Nikola Pilic,0.569,4,247,187
Fernando Verdasco,0.568,7,544,413
Jakob Hlasek,0.568,5,432,329
Guy Forget,0.566,11,378,290
Zeljko Franulovic,0.564,10,353,273
Jiri Novak,0.564,7,337,260
Guillermo Canas,0.564,7,252,195
Juan Gisbert Sr,0.562,1,185,144
Philipp Kohlschreiber,0.56,8,465,365
Radek Stepanek,0.56,5,384,302
Jimmy Arias,0.56,5,283,222
Marcos Baghdatis,0.56,4,349,274
Karen Khachanov,0.559,4,114,90
Vijay Amritraj,0.558,15,385,305
Juan Monaco,0.558,9,342,271
Jonas Svensson,0.558,5,258,204
Jack Sock,0.556,4,163,130
Sam Querrey,0.555,10,366,294
Paradorn Srichaphan,0.553,5,239,193
Marc Rosset,0.552,15,433,351
Mikael Pernfors,0.551,3,140,114
Cedric Pioline,0.55,5,389,318
Tim Gullikson,0.55,4,273,223
Henry Pfister,0.55,2,259,212
Karel Novacek,0.549,13,299,246
Lucas Pouille,0.549,5,130,107
David Wheaton,0.548,3,232,191
Thomas Johansson,0.547,9,357,296
Chris Lewis (NZL),0.547,3,238,197
Karol Kucera,0.546,6,293,244
Mikhail Youzhny,0.545,10,499,416
Paul Annacone,0.545,3,157,131
Jaime Yzaga,0.544,8,265,222
Carlos Costa,0.544,6,248,208
Alexander Volkov,0.543,3,303,255
Alberto Mancini,0.542,3,148,125
Fabio Fognini,0.541,9,353,300
Juan Ignacio Chela,0.541,6,326,277
Borna Coric,0.541,2,146,124
Jarkko Nieminen,0.54,2,408,348
Pablo Cuevas,0.539,6,220,188
Younes El Aynaoui,0.539,5,265,227
Heinz Gunthardt,0.539,5,229,196
Richey Reneberg,0.539,3,307,263
Patrick Proisy,0.538,1,212,182
Bill Scanlon,0.537,6,300,259
Mel Purcell,0.537,3,190,164
Phil Dent,0.536,3,371,321
Jonas Bjorkman,0.534,6,414,362
Wally Masur,0.534,3,327,285
Pierre Barthes,0.533,0,152,133
Francisco Clavet,0.533,8,388,340
Arnaud Boetsch,0.533,3,231,202
Jason Stoltenberg,0.532,4,303,267
Diego Schwartzman,0.531,3,138,122
Dominik Hrbaty,0.53,6,359,318
Thomaz Koch,0.53,2,143,127
Horst Skoff,0.529,4,228,203
Ramesh Krishnan,0.528,8,319,285
Janko Tipsarevic,0.528,4,286,256
John Sadri,0.528,2,210,188
Agustin Calleri,0.528,2,209,187
Pablo Carreno Busta,0.525,4,166,150
Fred Stolle,0.525,3,137,124
Shlomo Glickstein,0.525,2,167,151
Alexandr Dolgopolov,0.524,3,221,201
Sjeng Schalken,0.523,9,293,267
Feliciano Lopez,0.523,7,484,442
Jurgen Fassbender,0.523,3,168,153
Viktor Troicki,0.522,3,292,267
Gilles Muller,0.522,2,233,213
Darren Cahill,0.522,2,133,122
Ivo Karlovic,0.521,8,367,337
Onny Parun,0.521,6,338,311
Victor Amaya,0.521,3,187,172
Slobodan Zivojinovic,0.521,2,151,139
Ulrich Pinner,0.521,2,136,125
Mariano Puerta,0.52,3,128,118
Mark Dickson,0.52,2,128,118
Fernando Luna,0.519,0,176,163
Nicolas Massu,0.519,6,257,238
Andrew Pattison,0.519,4,276,256
Taylor Dent,0.519,4,151,140
David Pate,0.519,2,181,168
Luiz Mattar,0.518,7,191,178
Nicolas Lapentti,0.518,5,321,299
Xavier Malisse,0.518,3,294,274
Paul McNamee,0.518,2,246,229
Jordi Arrese,0.516,6,224,210
Dmitry Tursunov,0.514,7,231,218
Fabrice Santoro,0.514,6,470,444
Mark Edmondson,0.514,6,257,243
Horacio De La Pena,0.514,4,190,180
Brett Steven,0.513,0,175,166
Jose Acasuso,0.513,3,193,183
Jurgen Melzer,0.512,5,350,334
Chris Woodruff,0.512,2,109,104
Butch Walts,0.511,4,140,134
Kim Warwick,0.511,3,273,261
Peter Fleming,0.511,3,224,214
Byron Black,0.511,2,257,246
Derrick Rostagno,0.511,1,191,183
John Fitzgerald,0.51,6,240,231
Juan Aguilera,0.51,5,146,140
Andrei Pavel,0.51,3,277,266
Scott Davis,0.51,3,206,198
Terry Moor,0.51,2,236,227
Dan Goldie,0.51,2,122,117
Libor Pimek,0.51,1,126,121
Christo Van Rensburg,0.509,2,166,160
Paul Haarhuis,0.509,1,267,258
Bernard Tomic,0.508,4,185,179
Javier Frana,0.508,3,163,158
Todd Woodbridge,0.508,2,244,236
Goran Prpic,0.508,1,125,121
Ernests Gulbis,0.507,6,241,234
Thierry Tulasne,0.507,5,228,222
Dick Crealy,0.507,2,303,295
Mark Woodforde,0.506,4,319,312
Igor Andreev,0.506,3,237,231
Jan-Michael Gambill,0.506,3,201,196
Paolo Cane,0.506,3,133,130
Ion Tiriac,0.505,1,188,184
Leander Paes,0.505,1,101,99
Slava Dosedel,0.504,3,196,193
Ray Ruffels,0.504,2,180,177
Pablo Arraya,0.504,1,176,173
Ross Case,0.503,4,266,263
Steve Johnson,0.503,4,163,161
Patrice Dominguez,0.502,0,154,153
Jerome Golmard,0.502,2,144,143
Max Mirnyi,0.502,1,244,242
Jan Siemerink,0.501,4,273,272
Carl-Uwe Steeb,0.5,3,212,212
Jiri Hrebec,0.499,3,170,171
Christian Bergstrom,0.498,0,161,162
Damir Dzumhur,0.498,3,114,115
Brian Fairlie,0.498,2,204,206
Charlie Pasarell,0.498,1,232,234
Eric Jelen,0.498,1,135,136
Milan Srejber,0.498,1,128,129
Mikael Tillstrom,0.498,1,112,113
Kyle Edmund,0.498,1,102,103
Martin Klizan,0.497,6,149,151
Colin Dibley,0.497,3,294,297
Franco Davin,0.497,3,153,155
Tim Wilkison,0.496,6,291,296
Sammy Giammalva Jr.,0.495,2,161,164
Jeremy Chardy,0.495,1,271,277
Hyung-Taik Lee,0.495,1,161,164
Marcelo Filippini,0.494,5,244,250
Javier Sanchez,0.494,4,327,335
Hicham Arazi,0.493,1,219,225
Rainer Schuettler,0.492,4,327,337
Paul Gerken,0.491,0,113,117
Arnaud Clement,0.491,4,316,327
Francesco Cancellotti,0.491,2,114,118
Tom Gullikson,0.491,1,217,225
Luis Horna,0.49,2,140,146
Jeff Borowiak,0.489,5,279,292
Omar Camporese,0.489,2,150,157
Lawson Duncan,0.488,0,105,110
Ramon Delgado,0.488,0,103,108
Benoit Paire,0.488,3,212,222
Leonardo Mayer,0.488,2,179,188
Hans-Jurgen Pohmann,0.488,1,103,108
Andrea Gaudenzi,0.487,3,219,231
Mariano Zabaleta,0.487,3,202,213
Fritz Buehning,0.485,1,113,120
Guido Pella,0.485,1,100,106
Franco Squillari,0.484,3,155,165
Vincent Van Patten,0.484,1,109,116
Bohdan Ulihrach,0.483,3,230,246
Renzo Furlan,0.483,2,223,239
Steve Denton,0.482,0,108,116
Andreas Seppi,0.482,3,367,395
Fernando Meligeni,0.482,3,202,217
Florian Mayer,0.482,2,243,261
Thomaz Bellucci,0.481,4,200,216
Kenneth Carlsen,0.48,3,266,288
Robby Ginepri,0.48,3,188,204
Kelly Evernden,0.48,3,135,146
Jan Gunnarsson,0.48,1,188,204
Julien Benneteau,0.479,0,273,297
Joao Sousa,0.479,3,196,213
Pedro Rebolledo,0.477,3,104,114
Geoff Masters,0.476,2,215,237
Albert Ramos-Vinolas,0.476,2,207,228
Ricardo Cano,0.475,0,145,160
Peter Feigl,0.475,3,104,115
Raymond Moore,0.474,0,311,345
Aljaz Bedene,0.474,0,109,121
Paul-Henri Mathieu,0.474,4,276,306
Andrei Cherkasov,0.474,2,193,214
Jim Grabb,0.474,2,179,199
Pavel Slozil,0.474,2,146,162
Jonathan Stark,0.474,2,136,151
Diego Perez,0.474,1,208,231
Pat Dupre,0.473,1,176,196
Hernan Gumy,0.473,1,115,128
Richard Fromberg,0.471,4,256,287
Bernard Mitton,0.471,2,200,225
Shuzo Matsuoka,0.471,1,145,163
Eduardo Bengoechea,0.47,0,103,116
Albert Montanes,0.47,6,255,287
Denis Istomin,0.47,2,229,258
Marty Davis,0.468,3,152,173
Allan Stone,0.467,0,190,217
Ricardas Berankis,0.467,0,99,113
Peter Lundgren,0.467,3,119,136
Steve Darcis,0.467,2,115,131
Michiel Schapers,0.466,0,160,183
Chip Hooper,0.466,0,104,119
Henrik Holm,0.466,0,96,110
Gilbert Schaller,0.466,1,115,132
Tomas Carbonell,0.465,2,194,223
Jacco Eltingh,0.464,4,127,147
Federico Delbonis,0.464,2,121,140
Vincent Spadea,0.464,1,311,359
Barry Phillips-Moore,0.463,0,182,211
Ronald Agenor,0.463,3,221,256
Olivier Rochus,0.463,2,238,276
Patrick McEnroe,0.462,1,140,163
Robin Haase,0.461,2,227,265
Adrian Mannarino,0.46,1,184,216
Stefan Koubek,0.459,3,215,253
Haroon Rahim,0.459,2,130,153
Todd Witsken,0.458,0,115,136
Michael Llodra,0.458,5,187,221
Nicklas Kulti,0.458,3,154,182
Claudio Mezzadri,0.458,1,116,137
Carlos Kirmayr,0.457,1,138,164
Ivan Dodig,0.457,1,118,140
Potito Starace,0.456,0,162,193
Guillermo Garcia-Lopez,0.456,5,297,354
Karim Alami,0.456,2,156,186
Bernd Karbacher,0.456,2,135,161
Sergio Casal,0.456,1,124,148
Jiri Vesely,0.456,1,110,131
Jan-Lennard Struff,0.455,0,117,140
Pascal Portes,0.455,0,100,120
Sandon Stolle,0.455,0,100,120
Wayne Arthurs,0.455,1,133,159
Rolf Gehring,0.455,1,117,140
Patrik Kuhnen,0.454,0,127,153
Sergiy Stakhovsky,0.454,4,174,209
Kjell Johansson,0.454,1,118,142
Santiago Giraldo,0.453,0,168,203
Scott Draper,0.453,1,107,129
Marc-Kevin Goellner,0.452,2,160,194
Victor Hanescu,0.452,1,201,244
Hendrik Dreekmann,0.451,0,97,118
Billy Martin,0.451,1,144,175
Ismail El Shafei,0.45,1,218,266
Marc Gicquel,0.449,0,92,113
Dusan Lajovic,0.449,1,119,146
Alberto Martin,0.448,3,218,269
Jeff Tarango,0.448,2,239,294
Gianni Ocleppo,0.448,1,103,127
Jimmy Brown,0.447,0,140,173
Marcel Granollers,0.447,4,202,250
John Lloyd,0.447,1,207,256
Stefan Simonsson,0.446,0,100,124
Marcos Ondruska,0.445,0,118,147
Andreas Maurer,0.445,1,114,142
Nicolas Mahut,0.444,4,180,225
Van Winitsky,0.444,3,106,133
Mikhail Kukushkin,0.444,1,156,195
Filippo Volandri,0.443,2,178,224
Guillaume Raoux,0.443,1,179,225
Rod Frawley,0.443,1,104,131
Ivan Molina,0.442,0,149,188
Christian Ruud,0.442,0,115,145
Bob Carmichael,0.442,1,188,237
Nick Saviano,0.442,1,157,198
Brad Drewett,0.441,2,176,223
Daniel Vacek,0.439,0,176,225
Georges Goven,0.439,0,172,220
Marian Vajda,0.439,2,119,152
Lukas Rosol,0.437,2,121,156
Adrian Voinea,0.436,1,136,176
Jairo Velasco Sr,0.434,0,124,162
Filip Dewulf,0.434,2,96,125
Andrew Ilie,0.434,2,89,116
Byron Bertram,0.433,0,100,131
Gilad Bloom,0.433,0,93,122
David Prinosil,0.433,3,169,221
Gerald Battrick,0.433,2,132,173
Bryan Shelton,0.432,2,104,137
Erik Van Dillen,0.429,1,159,212
Martin Damm,0.428,0,157,210
Simone Bolelli,0.427,0,123,165
Lukasz Kubot,0.427,0,97,130
Ryan Harrison,0.427,1,117,157
Sargis Sargsian,0.426,1,155,209
Damir Keretic,0.425,0,91,123
Paul Goldstein,0.425,0,85,115
Bruce Manson,0.424,0,126,171
Fernando Vicente,0.424,3,157,213
Frew McMillan,0.424,2,174,236
Vladimir Zednik,0.424,2,104,141
Alex Antonitsch,0.424,1,106,144
Dudi Sela,0.423,0,143,195
Claudio Panatta,0.423,1,105,143
Kristof Vliegen,0.422,0,89,122
David Sanchez,0.422,2,86,118
Olivier Delaitre,0.421,0,130,179
Yen-Hsun Lu,0.42,0,161,222
Malek Jaziri,0.42,0,97,134
Peter Elter,0.42,0,87,120
Florent Serra,0.42,2,123,170
Sebastien Lareau,0.419,0,99,137
Gary Muller,0.419,0,85,118
Daniel Nestor,0.419,0,85,118
Albert Portas,0.418,1,142,198
Vasek Pospisil,0.417,0,100,140
Pablo Andujar,0.416,4,138,194
Jordi Burillo,0.416,1,92,129
Grant Stafford,0.415,0,83,117
Andrei Olhovskiy,0.415,2,117,165
Danie Visser,0.414,0,91,129
Robert Maud,0.413,1,86,122
Sherwood Stewart,0.412,1,156,223
Antonio Zugarelli,0.412,1,106,151
Davide Sanguinetti,0.411,2,170,244
Galo Blanco,0.411,1,122,175
Carlos Berlocq,0.41,2,134,193
Benjamin Becker,0.41,1,153,220
Jean-Philippe Fleurian,0.407,0,107,156
Christophe Roger-Vasselin,0.407,0,90,131
Raemon Sluiter,0.407,0,90,131
Stefano Pescosolido,0.407,2,109,159
Ove Nils Bengtson,0.406,0,112,164
Jeremy Bates,0.406,1,132,193
Alex O'Brien,0.406,1,93,136
Horacio Zeballos,0.406,1,91,133
Alejandro Falla,0.403,0,114,169
Gianluca Pozzi,0.403,1,175,259
Hans Kary,0.403,1,141,209
Russell Simpson,0.402,0,138,205
Edouard Roger-Vasselin,0.402,0,84,125
Mischa Zverev,0.402,1,132,196
Colin Dowdeswell,0.401,1,116,173
John Yuill,0.4,0,90,135
Antony Dupuis,0.399,1,85,128
Juan Antonio Marin,0.399,1,81,122
Lukas Lacko,0.398,0,97,147
Nduka Odizor,0.398,1,82,124
Simon Youl,0.397,2,91,138
Eddie Edwards,0.397,1,87,132
Donald Young,0.396,0,124,189
Lars Jonsson,0.396,0,86,131
Diego Nargiso,0.394,0,100,154
Nicolas Pereira,0.393,2,81,125
Trey Waltke,0.388,0,112,177
Mike Cahill,0.388,0,99,156
Francisco Gonzalez,0.387,0,108,171
Belus Prajoux,0.385,0,82,131
Justin Gimelstob,0.384,0,107,172
Mike Estep,0.383,2,103,166
Cassio Motta,0.382,0,108,175
Thierry Champion,0.382,0,102,165
John James,0.38,0,84,137
Antonio Munoz,0.379,0,107,175
Michael Berrer,0.378,0,88,145
Paolo Lorenzi,0.378,1,109,179
Milan Holecek,0.377,0,83,137
Steve Krulevitz,0.374,0,119,199
Patricio Cornejo,0.373,0,117,197
Jim Delaney,0.373,0,79,133
Lars Burgsmuller,0.372,1,90,152
Marko Ostoja,0.371,1,82,139
Paul Kronk,0.369,0,108,185
Thomas Hogstedt,0.369,1,90,154
Igor Kunitsyn,0.369,1,89,152
Teymuraz Gabashvili,0.368,0,116,199
Bjorn Phau,0.367,0,80,138
Daniel Gimeno-Traver,0.359,0,97,173
Syd Ball,0.351,0,87,161
Christophe Rochus,0.35,0,118,219
George Hardie,0.344,0,75,143
Nicola Spear,0.341,0,75,145
Michael Russell,0.339,0,77,150
Ruben Ramirez Hidalgo,0.338,0,68,133
Sashi Menon,0.337,0,90,177
Anand Amritraj,0.331,0,88,178
Graham Stilwell,0.316,0,77,167
Fred McNair IV,0.309,0,71,159
Jim McManus,0.3,0,76,177
John Feaver,0.283,0,67,170
